StartDate,EndDate,Status,Progress,Duration (in seconds),Finished,RecordedDate,ResponseId,DistributionChannel,UserLanguage,QID1319008722_1,QID1319008722_2,QID1319008722_3,QID63,"#1_1_1","#1_1_2","#1_1_3","#1_1_4",QID75,QID76,QID21,QID23,QID24,QID85,"#1_1_1","#2_1",QID77,QID25,QID29_1,QID29_2,QID30,QID73_1,QID73_2,QID74_1,QID74_2,QID72,"#1_1_1","#2_1","#1_1_1","#1_2_1","#1_3_1","#1_4_1","#1_5_1","#1_6_1","#1_7_1","#1_8_1","#1_9_1","#1_10_1","#1_11_1","#1_12_1","#1_13_1","#2_1","#2_2","#2_3","#2_4","#2_5","#2_6","#2_7","#2_8","#2_9","#2_10","#2_11","#2_12","#2_13",QID33,"#1_1_1","#1_2_1","#2_1","#2_2",QID91,QID37,QID39_1,QID39_2,QID39_3,QID39_4,QID39_5,QID39_6,QID39_7,QID39_8,QID38,QID42,QID41,QID43,QID44,QID45_1,QID45_2,QID45_3,QID45_4,QID45_5,QID45_6,QID46,"#1_1_1","#1_2_1","#2_1","#2_2",QID49,QID87,QID88,"#1_1_1","#1_2_1","#1_3_1","#1_4_1","#1_5_1","#2_1","#2_2","#2_3","#2_4","#2_5",QID51,"#1_1_1","#2_1","#1_1_1","#1_2_1","#1_3_1","#1_4_1","#1_5_1","#1_6_1","#2_1","#2_2","#2_3","#2_4","#2_5","#2_6",QID53,QID54,QID55,QID56,QID57,QID58,QID78
Start Date,End Date,Response Type,Progress,Duration (in seconds),Finished,Recorded Date,Response ID,Distribution Channel,User Language,Date - Month,Date - Day,Date - Year,Program_name,Where is your program located? - Address - Record value: - City,Where is your program located? - Address - Record value: - State/Province,Where is your program located? - Address - Record value: - Country,Where is your program located? - Address - Record value: - Postal code,Broader_organization,Organization_name,Organization_type,Organization_type_comments,Network,Network_comments_no,Network_name_scope - Name - What is the name and scale of this larger organization or network? - Answer,Network_name_scope - Scale - What is the name and scale of this larger organization or network?,Network_facilitate,Network_comments_yes,Start_year - Program start year,Start_year - # of years of donations for your program,Start_year_comments,What is the start of that period? - Month,What is the start of that period? - Year,What is the end of that period? - Month,What is the end of that period? - Year,Data_year_comments,Total_donation_lbs - Record value - Total lbs - Answer,Total_donation_lbs - Data classification - Total lbs,Donation - Record lbs for taxa - White-tailed deer - Answer,Donation - Record lbs for taxa - Mule deer - Answer,Donation - Record lbs for taxa - Pronghorn antelope - Answer,Donation - Record lbs for taxa - Elk - Answer,Donation - Record lbs for taxa - Wild turkey - Answer,Donation - Record lbs for taxa - Black bear - Answer,Donation - Record lbs for taxa - Moose - Answer,Donation - Record lbs for taxa - Wild pig - Answer,Donation - Record lbs for taxa - Sheep/goats - Answer,Donation - Record lbs for taxa - Bison - Answer,Donation - Record lbs for taxa - Alligator - Answer,Donation - Record lbs for taxa - Other game birds - Answer,Donation - Record lbs for taxa - Other - Answer,Donation - Data classification - White-tailed deer,Donation - Data classification - Mule deer,Donation - Data classification - Pronghorn antelope,Donation - Data classification - Elk,Donation - Data classification - Wild turkey,Donation - Data classification - Black bear,Donation - Data classification - Moose,Donation - Data classification - Wild pig,Donation - Data classification - Sheep/goats,Donation - Data classification - Bison,Donation - Data classification - Alligator,Donation - Data classification - Other game birds,Donation - Data classification - Other,Comments,Program_reach - Record value - Average distance that donations traveled (mi) - Answer,Program_reach - Record value - Maximum distance that donations traveled (mi) - Answer,Program_reach - Data classification - Average distance that donations traveled (mi),Program_reach - Data classification - Maximum distance that donations traveled (mi),Program_scale,Program_reach_comments,Challenges - USDA inspection,Challenges - State agriculture agency inspection,Challenges - Hunter participation,Challenges - Funding,Challenges - Recruit/maintaining processors,Challenges - Meat transportation,Challenges - Meat storage,Challenges - Other,Challenges_comments,State_agency_collaboration,State_agency_collaboration_comments,Expansion,Expansion_comments,Expansion_limitation - Funding,Expansion_limitation - Hunter participation,Expansion_limitation - Meat storage,Expansion_limitation - Meat transportation,Expansion_limitation - Processor participation,Expansion_limitation - Other,Expansion_limitations_comments,"#_processors_foodbanks - Record value - Meat processors - Answer","#_processors_foodbanks - Record value - Recipient organizations - Answer","#_processors_foodbanks - Select option - Meat processors","#_processors_foodbanks - Select option - Recipient organizations","#_processors_foodbanks_comments",public_list_accurate,public_list_accurate_comments,Employees - Record value - # of volunteers - Answer,Employees - Record value - Total volunteer hours - Answer,Employees - Record value - # of full-time paid employees - Answer,Employees - Record value - # of part-time paid employees - Answer,Employees - Record value - Total hours for paid employees - Answer,Employees - Select option - # of volunteers,Employees - Select option - Total volunteer hours,Employees - Select option - # of full-time paid employees,Employees - Select option - # of part-time paid employees,Employees - Select option - Total hours for paid employees,Employees_comments,Funding_total - Record amount - Total annual funds - Answer,Funding_total - Data classification - Total annual funds,Funding_categories - Record amount - Public donations - Answer,Funding_categories - Record amount - Corporate sponsors - Answer,Funding_categories - Record amount - Nonprofit sponsors - Answer,Funding_categories - Record amount - Grants - Answer,Funding_categories - Record amount - Stage agency - Answer,Funding_categories - Record amount - Other - Answer,Funding_categories - Data classification - Public donations,Funding_categories - Data classification - Corporate sponsors,Funding_categories - Data classification - Nonprofit sponsors,Funding_categories - Data classification - Grants,Funding_categories - Data classification - Stage agency,Funding_categories - Data classification - Other,Funding_comments,Follow-up,Follow-up_comments,Acknowledgement,Acknowledgement_comments,Other programs.,"If there is anything else you would like to say about your program or this survey, please use the comment section below. Thank you for your time!"
"{""ImportId"":""startDate"",""timeZone"":""America/Denver""}","{""ImportId"":""endDate"",""timeZone"":""America/Denver""}","{""ImportId"":""status""}","{""ImportId"":""progress""}","{""ImportId"":""duration""}","{""ImportId"":""finished""}","{""ImportId"":""recordedDate"",""timeZone"":""America/Denver""}","{""ImportId"":""_recordId""}","{""ImportId"":""distributionChannel""}","{""ImportId"":""userLanguage""}","{""ImportId"":""QID1319008722_1""}","{""ImportId"":""QID1319008722_2""}","{""ImportId"":""QID1319008722_3""}","{""ImportId"":""QID63_TEXT""}","{""ImportId"":""QID20#1_1_1""}","{""ImportId"":""QID20#1_1_2""}","{""ImportId"":""QID20#1_1_3""}","{""ImportId"":""QID20#1_1_4""}","{""ImportId"":""QID75""}","{""ImportId"":""QID76_TEXT""}","{""ImportId"":""QID21""}","{""ImportId"":""QID23_TEXT""}","{""ImportId"":""QID24""}","{""ImportId"":""QID85_TEXT""}","{""ImportId"":""QID59#1_1_1""}","{""ImportId"":""QID59#2_1""}","{""ImportId"":""QID77""}","{""ImportId"":""QID25_TEXT""}","{""ImportId"":""QID29_1""}","{""ImportId"":""QID29_2""}","{""ImportId"":""QID30_TEXT""}","{""ImportId"":""QID73_1""}","{""ImportId"":""QID73_2""}","{""ImportId"":""QID74_1""}","{""ImportId"":""QID74_2""}","{""ImportId"":""QID72_TEXT""}","{""ImportId"":""QID32#1_1_1""}","{""ImportId"":""QID32#2_1""}","{""ImportId"":""QID31#1_1_1""}","{""ImportId"":""QID31#1_2_1""}","{""ImportId"":""QID31#1_3_1""}","{""ImportId"":""QID31#1_4_1""}","{""ImportId"":""QID31#1_5_1""}","{""ImportId"":""QID31#1_6_1""}","{""ImportId"":""QID31#1_7_1""}","{""ImportId"":""QID31#1_8_1""}","{""ImportId"":""QID31#1_9_1""}","{""ImportId"":""QID31#1_10_1""}","{""ImportId"":""QID31#1_11_1""}","{""ImportId"":""QID31#1_12_1""}","{""ImportId"":""QID31#1_13_1""}","{""ImportId"":""QID31#2_1""}","{""ImportId"":""QID31#2_2""}","{""ImportId"":""QID31#2_3""}","{""ImportId"":""QID31#2_4""}","{""ImportId"":""QID31#2_5""}","{""ImportId"":""QID31#2_6""}","{""ImportId"":""QID31#2_7""}","{""ImportId"":""QID31#2_8""}","{""ImportId"":""QID31#2_9""}","{""ImportId"":""QID31#2_10""}","{""ImportId"":""QID31#2_11""}","{""ImportId"":""QID31#2_12""}","{""ImportId"":""QID31#2_13""}","{""ImportId"":""QID33_TEXT""}","{""ImportId"":""QID35#1_1_1""}","{""ImportId"":""QID35#1_2_1""}","{""ImportId"":""QID35#2_1""}","{""ImportId"":""QID35#2_2""}","{""ImportId"":""QID91""}","{""ImportId"":""QID37_TEXT""}","{""ImportId"":""QID39_1""}","{""ImportId"":""QID39_2""}","{""ImportId"":""QID39_3""}","{""ImportId"":""QID39_4""}","{""ImportId"":""QID39_5""}","{""ImportId"":""QID39_6""}","{""ImportId"":""QID39_7""}","{""ImportId"":""QID39_8""}","{""ImportId"":""QID38_TEXT""}","{""ImportId"":""QID42""}","{""ImportId"":""QID41_TEXT""}","{""ImportId"":""QID43""}","{""ImportId"":""QID44_TEXT""}","{""ImportId"":""QID45_1""}","{""ImportId"":""QID45_2""}","{""ImportId"":""QID45_3""}","{""ImportId"":""QID45_4""}","{""ImportId"":""QID45_5""}","{""ImportId"":""QID45_6""}","{""ImportId"":""QID46_TEXT""}","{""ImportId"":""QID86#1_1_1""}","{""ImportId"":""QID86#1_2_1""}","{""ImportId"":""QID86#2_1""}","{""ImportId"":""QID86#2_2""}","{""ImportId"":""QID49_TEXT""}","{""ImportId"":""QID87""}","{""ImportId"":""QID88_TEXT""}","{""ImportId"":""QID1319072884#1_1_1""}","{""ImportId"":""QID1319072884#1_2_1""}","{""ImportId"":""QID1319072884#1_3_1""}","{""ImportId"":""QID1319072884#1_4_1""}","{""ImportId"":""QID1319072884#1_5_1""}","{""ImportId"":""QID1319072884#2_1""}","{""ImportId"":""QID1319072884#2_2""}","{""ImportId"":""QID1319072884#2_3""}","{""ImportId"":""QID1319072884#2_4""}","{""ImportId"":""QID1319072884#2_5""}","{""ImportId"":""QID51_TEXT""}","{""ImportId"":""QID66#1_1_1""}","{""ImportId"":""QID66#2_1""}","{""ImportId"":""QID52#1_1_1""}","{""ImportId"":""QID52#1_2_1""}","{""ImportId"":""QID52#1_3_1""}","{""ImportId"":""QID52#1_4_1""}","{""ImportId"":""QID52#1_5_1""}","{""ImportId"":""QID52#1_6_1""}","{""ImportId"":""QID52#2_1""}","{""ImportId"":""QID52#2_2""}","{""ImportId"":""QID52#2_3""}","{""ImportId"":""QID52#2_4""}","{""ImportId"":""QID52#2_5""}","{""ImportId"":""QID52#2_6""}","{""ImportId"":""QID53_TEXT""}","{""ImportId"":""QID54""}","{""ImportId"":""QID55_TEXT""}","{""ImportId"":""QID56""}","{""ImportId"":""QID57_TEXT""}","{""ImportId"":""QID58_TEXT""}","{""ImportId"":""QID78_TEXT""}"
2024-05-21 15:38:33,2024-05-21 15:50:28,IP Address,100,714,True,2024-05-21 15:50:29,R_5kfdltPXt0GYiUF,email,EN,May,21,2024,Yukon Wild Game Donation,Whitehorse,Yukon,Canada,Y1a7a2,Yes,Environment Yukon,Natural resource state agency,,No,,,,,,2018,7,The program has taken very few donations since COVID,April,2018,May,2024,,2000lbs,Estimated,0,0,0,0,0,0,1000,0,0,1000,0,0,0,Estimated,Actual,Actual,Actual,Actual,Actual,Estimated,Actual,Actual,Estimated,Actual,Actual,Actual,,100,250,Estimated,Estimated,State,,,2,9,2,7,1,2,,"We had a surprisingly low amount of hunter participation. ",,,No,,,,,,,,,5,3,Estimated,Actual,"We are only permitted to give meat to the food bank, hospital, youth centre ",Yes,,20,30,2,0,25,Estimated,Estimated,Actual,Estimated,Estimated,,$2500,Estimated,0,0,0,0,$2500,0,,,,,,,,Yes,,No,,No,
2024-05-21 15:35:54,2024-05-21 16:13:04,IP Address,100,2229,True,2024-05-21 16:13:05,R_187LTT6bg79ZhRv,email,EN,May,21,2024,South Dakota Sportsmen Against Hunger,Rapid City,SD,United States,57701-2422,No,,Wild game meat donation program,,Yes,,Feeding South Dakota/ Feeding America,State,Yes,,1991,33,,January,1991,December,2024,"Not sure I understand this question
Program started in 1991 and continues to this day","1,200,000",Estimated,49,49,1,1,0,0,0,0,0,0,0,0,0,Percentage,Percentage,Percentage,Percentage,Actual,Actual,Actual,Actual,Actual,Actual,Actual,Actual,Actual,,10,200,Estimated,Estimated,State,,1,1,2,4,9,,2,,,Yes,,No,,,,,,,,,25,250,Estimated,Estimated,,Yes,,4,40,0,1,??,Estimated,Estimated,Actual,Estimated,Actual,Our exec director is paid a salary,"60,000",,60,10,0,10,20,0,Percentage,Percentage,,Percentage,Percentage,,,No,,No,,no,
2024-05-21 16:13:27,2024-05-21 16:31:10,IP Address,100,1062,True,2024-05-21 16:31:11,R_3jIkhOsUWtmvyjn,email,EN,May,21,2024,Lehigh Valley FHFH,Mertztown,PA,United States,19539,No,,Wild game meat donation program,,Yes,,Farmers and Hunters Feeding the Hungry,National,No,I have to find places to have the meat sent to.,2016,8,Going into the 9th hunting season starting in September,September,2016,,,,3500,Estimated,3500,0,0,0,0,0,0,0,0,0,0,0,0,Estimated,Actual,Actual,Actual,Actual,Actual,Actual,Actual,Actual,Actual,Actual,Actual,Actual,,15,60,Estimated,Estimated,Multiple counties,"Berks, Lehigh and Northhampton",5,,8,6,8,0,0,,"Finding butchers and hunters willing to participate in the program.  Everyone seems to say it is a great program, just not always interested in helping out.  ",No,,Yes,"The food pantries that receive the venison, all could use more.  Meat is usually the number one thing that they do not have",5,10,1,0,10,0,,2,3,Actual,Actual,,Yes,,1,100,0,0,0,Actual,Estimated,Actual,Actual,Actual,I am the only volunteer for the Lehigh Valley FHFH Chapter,$3500,Estimated,0,0,2500,1000,0,0,,,Estimated,Estimated,,,,Yes,,No,,Hunters feeding the Hungry - PA State funded program,
2024-05-22 06:15:16,2024-05-22 06:19:54,IP Address,100,277,True,2024-05-22 06:19:55,R_7QCNPwrtGw5ohDX,email,EN,May,22,2024,Hunters for the HUngry,Covington,GA,United States,30014,No,,"Sportsmen, hunting, or conservation organization",,No,,,,,,1991,,,,,,,,8000,Actual,8000,0,0,0,0,0,0,0,0,0,0,0,0,Actual,Actual,Actual,Actual,Actual,Actual,Actual,Actual,Actual,Actual,Actual,Actual,Actual,,25,75,Estimated,Estimated,State,,,,3,8,3,,3,,,No,,Yes,,8,2,4,2,4,,,12,12,Actual,Actual,,No,,,,1,,,Actual,Estimated,Actual,Estimated,Actual,,10000,Estimated,500,2500,0,0,0,0,,,,,,,,Yes,,No,,,
2024-05-22 06:30:38,2024-05-22 06:43:02,IP Address,100,743,True,2024-05-22 06:43:02,R_1w1fiykAHoLyNN6,email,EN,May,22,2024,Hunt To Feed,Hartford,Connecticut,USA,06010,No,,Wild game meat donation program,,No,,,,,,2023,1,,June,2023,January,2024,,735,Actual,687,0,0,48,0,0,0,0,0,0,0,0,0,Actual,Actual,Actual,Actual,Actual,Actual,Actual,Actual,Actual,Actual,Actual,Actual,Actual,,12,16,Estimated,Estimated,State,,,,7,10,6,2,,,,No,,Yes,"We are only limited by proximity to butchers and funding. There is a large need for meat in the state and there is a large group of willing hunters to donate wild game. Together between the needs of our residents and the willingness of hunters, we see no limits on how we can continue to expand our capabilities throughout the state.",10,6,4,1,8,,,4,1,Actual,Actual,,No,website is lacking 2023 donation information. thanks for the reminder to update.,1,200,0,0,0,Actual,Estimated,Actual,Actual,Actual,,5325,Actual,325,0,2000,3000,0,0,Actual,Actual,Actual,Actual,Actual,Actual,,Yes,,Yes,,,
2024-05-22 09:15:52,2024-05-22 09:22:38,IP Address,100,406,True,2024-05-22 09:22:39,R_1n75EAo7V3uk9jr,email,EN,May,22,2024,Alabama Hunters Helping the Hungry,Montgomery,Alabama,United States,36130,No,,Natural resource state agency,,Yes,,,State,Yes,,1999,25,,October,2023,March,2024,,35000,Estimated,35000,0,0,0,0,0,0,0,0,0,0,0,0,Estimated,Actual,Actual,Actual,Actual,Actual,Actual,Actual,Actual,Actual,Actual,Actual,Actual,,,,Estimated,Estimated,,,,,,,,,,,,,,No,,,,,,,,,11,31,Actual,Actual,,Yes,,50,150,2,0,20,Estimated,Estimated,Estimated,Estimated,Estimated,,,,0,0,0,0,0,0,,,,,,,,No,,No,,,
2024-05-22 09:41:53,2024-05-22 09:57:30,IP Address,100,936,True,2024-05-22 09:57:31,R_629lXiJqPegci2d,email,EN,May,22,2024,"North Carolina Hunters for the Hungry, Inc.",,North Carolina,,,No,,Wild game meat donation program,"NGO, white-tail deer only",No,stand-alone non-profit,,,,,1993,since 1993,,September,2022,January,2023,We haven't received all of our data from meat processors for the 2023-2024 season yet.,"34,500",Estimated,"34,500",0,0,0,0,0,0,0,0,0,0,0,0,Estimated,Actual,Actual,Actual,Actual,Actual,Actual,Actual,Actual,Actual,Actual,Actual,Actual,,25,unsure,Estimated,Estimated,State,,,5,4,8,5,4,8,8,CWD testing/surveillance is the 'other',No,,Yes,"NCHFTH could increase the number of deer donated by hunters by increasing advertising for the program; however, the program balances deer donated with estimated/limited funding.",9,3,8,5,9,,,16,55,Estimated,Estimated,This fluctuates annually.,,,unsure,unsure,0,0,0,Estimated,Estimated,Actual,Actual,Actual,,,,0,0,0,0,0,0,,,,,,,,No,,No,unsure about listing the name/location,,Will this data be used to possibly increase resources/assistance for these programs?
2024-05-22 11:34:38,2024-05-22 11:51:52,IP Address,100,1034,True,2024-05-22 11:51:53,R_5fB6LKqcSUVBya9,email,EN,May,22,2024,Hocking county FHFH,Logan,Ohio,United States,43138,Yes,FHFH,Wild game meat donation program,,Yes,,Farmers and Hunters Feeding the Hungry,National,No,," 2006",17,,September,2023,January,2024,,750,Estimated,0,0,0,0,0,0,0,0,0,0,0,0,0,Estimated,Actual,Actual,Actual,Actual,Actual,Actual,Actual,Actual,Actual,Actual,Actual,Actual,,20mi,30mi,Estimated,Estimated,Multiple counties,,,,6,9,,,4,,,No,,Yes,,10,10,,,,,,1,1,Actual,Actual,,Yes,,2,30,0,0,0,Actual,Estimated,Actual,Estimated,Actual,,$500,Estimated,$500,0,0,0,0,0,Estimated,,,,,,,Yes,740-385-3337,Yes,We are listed as New Creations Deer Processing -Hocking County FHFH,,
2024-05-22 12:26:48,2024-05-22 12:35:58,IP Address,100,549,True,2024-05-22 12:35:59,R_7izrOAFfxvBpMJ0,email,EN,May,22,2024,Wisconsin's Deer Donation Program,Madison,Wisconsin,USA,53707,Yes,Wisconsin Department of Natural Resources,Natural resource state agency,,No,,,,,,2000,24,,October,2023,February,2024,,"47,920",Estimated,"47,920",0,0,0,0,0,0,0,0,0,0,0,0,Estimated,Actual,Actual,Actual,Actual,Actual,Actual,Actual,Actual,Actual,Actual,Actual,Actual,,,,Estimated,Estimated,State,,0,,9,1,10,2,5,8,"Other: CWD Testing Requirements - hunters would like to donate deer, but we typically get several complaints on how the CWD testing process is set up and difficult for them to do. ",,,Yes,"Yes, many processors either drop out of the program due to storage constraints. ",4,6,6,2,10,,,53,,Actual,Actual,,Yes,,,,,,,Actual,Estimated,Actual,Estimated,Actual,,,,0,0,0,0,0,0,,,,,,,,Yes,,No,,,
2024-05-22 13:26:47,2024-05-22 13:56:18,IP Address,100,1771,True,2024-05-22 13:56:19,R_6sbi5yUGLeLSKBM,email,EN,May,22,2024,FHFH-Carolina chapter,Concord,NC,United States,28025,No,,Wild game meat donation program,,No,,,,,,2011,13,,January,2023,December,2023,,3244,Actual,3244,0,0,0,0,0,0,0,0,0,0,0,0,Actual,Actual,Actual,Actual,Actual,Actual,Actual,Actual,Actual,Actual,Actual,Actual,Actual,,40,55,Estimated,Estimated,Multiple counties,,,,2,0,9,2,4,,"FHFH requires meat processors to carry general liability insurance (due to their insurance agreement).  The vast majority of deer processors are not inspected, nor do they carry insurance and so can't process for FHFH.   ",No,,Yes,"Food banks would love more meat, but need more deer processors.",4,3,1,1,10,,,1,3,Actual,Actual,I have contacted every known deer processor within a 6 county area and can only get one to participate due to insurance requirement (and possibly lack of interest as all are near capacity).,Yes,,1,50,0,0,0,Actual,Estimated,Actual,Actual,Actual,,$6480.00,Actual,500,0,0,5980,0,0,Actual,,,Actual,,,I have recieved a large amoount of grants previously and am not actively seeking donations.,No,,No,,Hunters for the Hungry,
2024-05-22 14:43:15,2024-05-22 15:19:23,IP Address,100,2167,True,2024-05-22 15:19:24,R_6hSZ6W78s8p4AgS,email,EN,May,22,2024,Michigan Sportsmen Against Hunger,Lansing,Michigan,United States,48912,Yes,Michigan Department of Natural Resources_Sportsmen Against Hunger program,Natural resource state agency,"The Sportsmen Against Hunger program under control of the Michigan Department of Natural Resources, was created through legislature in 2005. The Michigan Sportsmen Against Hunger organization currently under contract with the MDNR and State of Michigan, has had a wildgame donation program to help feed the hungry  of Michigan communities since 1991.",No,The Michigan Sportsmen Against Hunger organization and program has directors serving as representatives of other State organizations.,,,,,1991,34 years,,,1991,September,2024,"The current contract with the State's Sportsmen Against Hunger program ends September 30, 2024. The MSAH will turn in a bid for a new contract with the State of Michigan to continue our work as soon as the new RFP is available.","1,151,678",Actual,"1,150,180",0,0,0,0,0,0,0,0,0,0,"1,498",0,Actual,Actual,Actual,Actual,Actual,Actual,Actual,Actual,Actual,Actual,Actual,Actual,Actual,"Wild Canadian Goose breast meat was processed only one (1) year for the MSAH program, 2009.",22,50,Estimated,Estimated,State,,,1,5,8,7,1,1,,,,,Yes,"The need to feed the hungry is immense. Some processors had hardship accepting and processing donated deer, particularly when hunting season was in full swing due to focusing on loyal or new paying customers.",10,7,9,9,9,,,33,109,Actual,Actual,"For the 2022-23 contract year with the State of Michigan, 33 MSAH Participating Processors, located in 26 different Michigan counties, supplied 109 different food banks, pantries and shelters.",Yes,,8,,1,,"1,664 hours for the 2022-23 year",Estimated,Estimated,Actual,Estimated,Actual,,"220,389.00",Actual,"4,000","1,000","5,000",0,"220,379.00",0,Actual,Actual,Actual,,Actual,,,Yes,Contact Dean Hall on personal cell phone at 586-945-4799,No,,,
2024-05-22 16:28:23,2024-05-22 16:43:57,IP Address,100,934,True,2024-05-22 16:43:59,R_7fUXp1je9ZecEAq,email,EN,May,15,2024,Farmers and Hunters feeding the hungry (Wayne county Ohio),Wooster,OH,United States,44691,No,,Wild game meat donation program,,No,,,,,,1987,37,,September,2023,February,2024,,6000,Estimated,6000,0,0,0,0,0,0,0,0,0,0,0,0,Estimated,Actual,Actual,Actual,Actual,Actual,Actual,Actual,Actual,Actual,Actual,Actual,Actual,,15 miles,35,Estimated,Estimated,County,,0,,3,8,2,,,,,No,,Yes,"People need more healthy meat available at food banks and ministries ",5,5,,,5,,"We depend on local hunters donations and the funds to pay the participating processors ",2,14,Actual,Actual,,Yes,,3,50,0,0,0,Actual,Estimated,Actual,Actual,Actual,,7000,Actual,500,0,0,6500,0,0,Actual,,,Actual,,,,Yes,3304393760,Yes,"Farmers and Hunters feeding the hungry ",,
2024-05-23 05:18:00,2024-05-23 05:56:26,IP Address,100,2306,True,2024-05-23 05:56:27,R_6DoV1ojkv54WaW0,email,EN,May,23,2024,Venison for Vermonters,Rutland,Vermont,USA,05701,Yes,Vermont Department of Fish and Wildlife (Vermont Warden Service),"Wild game meat donation program,Natural resource state agency","The Venison for Vermonters program is run by game wardens within the Vermont Department of Fish and Wildlife. It is a program that focuses primarily on salvaging roadkill deer, moose and bear which are then processed and given to Food Shelves, individuals, and outreach programs across the state. The program also accepts hunter donations of whole large game.",No,,,,,,2020,4,,July,2022,June,2023,,1075.6,Actual,0,0,0,0,0,0,0,0,0,0,0,0,0,Actual,Actual,Actual,Actual,Actual,Actual,Actual,Actual,Actual,Actual,Actual,Actual,Actual,"We no longer keep track of species specific donation information because it was proving to be too labor intensive. However, on average I would estimate that 70% of the meat donated is white-tailed deer, approximately 25% moose, and approximately 5% bear. Again, these are simply estimates since we no longer track species information for donations.  Depending on the year and which wardens are participating in the program, moose can make up a larger or smaller percentage of donations. For instance, in 2020-2021, the program produced over 3,000lbs of meat, and about two thirds of that was moose meat. Much of the moose meat has come from the Northeastern part of Vermont where moose are more abundant. In recent years, we have had less moose meat because the butcher who used to process meat in northeastern Vermont retired from the business and we are no longer able to use him as a processor in that region. That said, our program only process meat from moose, deer, and bear, and we rely mostly on white tailed deer.",15,62,Estimated,Estimated,State,,,,,10,10,2,2,,"Most of our meat comes from salvageable roadkills, so hunter participation was not an issue. Vermont does not require USDA inspection for wild game. The Vermont Food Bank will not accept donations of non-inspected meat. However, there are countless food shelves throughout the state who do not have those restrictions and who are grateful for our wild game donations.",,,Yes,"Food shelves through the state are always eager to receive meat donations. If we had more meat to give, they would gladly take it. Quality protein is always hard to come by for local food shelves. ",10,,5,5,8,5,"The last category ""other"" refers to warden participation since our program relies almost exclusively on roadkill donated by Vermont state game wardens. Most of the meat processing is also conducted by VT game wardens.",2,10,Estimated,Estimated,"These are just estimates. ",,We do not yet list that info on our website. Our program is still small and we do not have an established network of processors or adequate funding to pay processors.,,,,,,Actual,Estimated,Actual,Estimated,Actual,"The program is run entirely by Vermont game wardens (mainly one warden). In the past we have also had a wild game processor who is paid by the job. However, that processor closed up shop, and our Dpt has not had the funds to pay another processor. For this reason, nearly all meat currently being processed for the program is being processed by a single game warden. This warden (in addition to her other duties as a game warden) collects wild game from salvageable roadkills, processes the game, and distributes to food shelves. Her work hours relating to this program is unknown. ",,,0,0,0,0,0,0,,,,,,,"There is currently no real funding source for the Venison for Vermonters program. On duty game wardens are solely responsible for the program and its survival in addition to their other duties. ",Yes,"802 793 1270
Abigail.serra@vermont.gov",Yes,,,
2024-05-23 06:06:38,2024-05-23 06:34:38,IP Address,100,1680,True,2024-05-23 06:34:39,R_6TnGPbAeMXBrhYW,email,EN,May,23,2024,HI,Highland County FHFH,Ohio,Highland,45133,No,,Wild game meat donation program,,Yes,,,National,Yes,"Handle money and helps with grant application ",2009,15,,September,2023,February,2024,,$2940,Actual,2940,0,0,0,0,0,0,0,0,0,0,0,0,Actual,Actual,Actual,Actual,Actual,Actual,Actual,Actual,Actual,Actual,Actual,Actual,Actual,,40,40,Estimated,Estimated,Multiple counties,,2,2,2,9,1,1,5,,,No,,Yes,,10,1,1,1,1,,,1,7,Actual,Actual,,No,,1,,0,0,0,Actual,Estimated,Actual,Estimated,Actual,Obe coordinator no pay,"$3,000",Actual,,0,"NRA Hunter for the Hungry $2,000",0,"Ohio Division of WL $2,000",0,Actual,,Actual,,Actual,Percentage,,Yes,,No,,,"Very needed and helps use wl meat control deer population and help hungry people "
2024-05-21 21:13:46,2024-05-23 06:56:45,IP Address,100,121379,True,2024-05-23 06:56:46,R_1gRvEUS7WvPOW4A,email,EN,May,21,2024,FHFH,"Gainesville ",GA,United States,30506,No,,Wild game meat donation program,,No,,,,,,My chapter of FHFH started in 2007,17 years,"Nationally, FHFH started 27 years ago",September,2023,January,2024,,447.50,Actual,447.5,0,0,0,0,0,0,0,0,0,0,0,0,Actual,Actual,Actual,Actual,Actual,Actual,Actual,Actual,Actual,Actual,Actual,Actual,Actual,,30,100,Estimated,Estimated,Multiple counties,,,,5,4,1,2,4,,,No,,No,Not at this time. A new contact just took over the program from the old processor. He purchased the company from him.,,,,,,,,1,1,Actual,Actual,,Yes,,2,40,0,0,0,Actual,Estimated,Actual,Actual,Actual,,500.00,Actual,0,500,0,0,0,0,,Actual,,,,,Received $500 NRA grant this past season,Yes,,Yes,,"Hunters Feeding the Hungry (Georgia Wildlife Federation)
","Suggestion: There should be a coordinated effort to include all of Georgia's ""vetted"" venison donation programs."
2024-05-24 02:09:38,2024-05-24 02:57:56,IP Address,100,2897,True,2024-05-24 02:57:57,R_1wLk2jmA65UaGAG,email,EN,May,24,2024,Farmers and Hunters feeding the hungry,Donalds,"South Carolina ",USA,29638,No,,Wild game meat donation program,,Yes,,Farmers and Hunters feeding the hungry,National,Yes,"Provides the non-profit status and structurally supports all aspects organizationally and operationally ",2021,3,,October,2023,January,2024,"Deer season South Carolina ",650 pounds,Actual,650,0,0,0,0,0,0,0,0,0,0,0,0,Actual,Actual,Actual,Actual,Actual,Actual,Actual,Actual,Actual,Actual,Actual,Actual,Actual,,"20 miles ",40,Estimated,Estimated,County,,,,,,,,,,Donors were making partial donations verses whole deer donations. Adjusted butcher compensation verses whole deer fixed rate,No,,Yes,"The recipient (children’s home) would be able to receive more donation than we provide. Increased donations of deer meat would be welcomed by recipient. ",5,5,,,,,"The potential or possibilities are difficult to estimate. Word of mouth is primary marketing. The butcher shop has the greatest outreach to potential donors simply from visibility of our posters at their business location.
",1,1,Actual,Actual,,,,3,50,0,0,0,Actual,Estimated,Actual,Actual,Actual,,2000/yr,Estimated,2000,0,0,0,0,0,Actual,Actual,Actual,Actual,Actual,Actual,,Yes,925-588-4751,Yes,"Acknowledge to organization of FHFH which I represent as a coordinator in Abbeville County of South Carolina ",,
2024-05-24 07:54:44,2024-05-24 08:25:22,IP Address,100,1837,True,2024-05-24 08:25:23,R_5fqo1umF5xkYak6,email,EN,May,21,2024,Forest Feeding Families,Naperville,Illinois,United States,60565,No,,Wild game meat donation program,We also work to continue education around conservation and wildlife management and the role hunters play.,No,,,,,,2019,4,,March,2023,March,2024,We operate on Calendar Year for tax purposes but we use March to March for venison donations,2800,Estimated,2800,0,0,0,0,0,0,0,0,0,0,0,0,Actual,Actual,Actual,Actual,Actual,Actual,Actual,Actual,Actual,Actual,Actual,Actual,Actual,We approximate the total lbs but its pretty accurate.,100,400,Estimated,Estimated,Regional,We donate locally. We do take donations regionally.  We want to expand our donation efforts to align with where we get donations from to reduce the logistics and travel,,,9,7,3,5,2,,"Hunter participation is the #1 factor for success.  We accept deer from any licensed processor that a hunter would drop it off.  We will subsidize the cost and even pick it up. So, logistics can get difficult, and donations are very important.",No,We have in the past but not this year,Yes,"There is certainly interest.  We need to get more hunters to donate.  Every time to discuss with hunters that seem very interested, we just need to stay present and remind them of our service.  The non hunting community has been very positive on it as well, which has been a good sign.  We also realize we need more pantries to donate to as well if we keep growing. ",9,10,,7,,,,5,2,Estimated,Actual,We need to add another pantry.  Our model allows us to normally use any licensed deer processor.  We have found that focusing on deer processors to drive donations has not lead to success. They are too busy and have low margins. We have offered to pay them full price if they would just ask hunters to donate and hasn't drove any growth,Yes,We have processors that are in our local area. We do list on our news and updates other processors we have used.,9,100*,0,0,0,Actual,Estimated,Actual,Actual,Actual,We don't have any paid employees. All volunteer.  *I have no idea how many hours total. The 100 is a complete guess.,"7,000",Estimated,7000,0,0,0,0,0,Estimated,,,,,,We only have private donations,Yes,,Yes,"We lease land in SW Michigan as part of our organization that we donate as part of our program. We would love to recruit more hunters ",,
2024-05-24 16:18:59,2024-05-24 16:32:58,IP Address,100,838,True,2024-05-24 16:32:59,R_5fpWcOX5Kx3VnKB,email,EN,May,24,2024,Farmers and Hunters Feeding the Hungry,Sunbury,OH,United States,43074,Yes,"Farmers and Hunter Feeding the Hungry ",Wild game meat donation program,"Our main source of donation is venison, however, we also take beef and domestic hogs too. ",No,,,,,,2007,75-100 deer/year,,July,2023,June,2024,,"4,000 lbs.",Estimated,"4,000 lbs.",0,0,0,0,0,0,0,0,0,0,0,0,Estimated,Actual,Actual,Actual,Actual,Actual,Actual,Actual,Actual,Actual,Actual,Actual,Actual,,15 miles,30 miles,Estimated,Estimated,Multiple counties,,,,,2,8,,3,,,Yes,Grant from Ohio Division of Wildlife,Yes,,1,0,3,,9,,,1,-0,Actual,Estimated,,Yes,,1,75,0,0,,Actual,Estimated,Actual,Estimated,Actual,,,,0,0,0,0,0,0,,,,,,,"State grant, grants from non profit conservation organizations, and some local cash donations",Yes,,Yes,Delaware County (OH) FHFH,,
2024-05-26 12:21:18,2024-05-26 12:46:29,IP Address,100,1510,True,2024-05-26 12:46:30,R_6I3GJYd0QCUe7EI,email,EN,May,26,2024,Kentucky Hunters for the Hungry INC,"Louisville ","Kentucky ",USA,40253,No,,Wild game meat donation program,,No,,,,,,2000,24,"Incorporated in 2000, started in 1988",March,2023,February,2024,,"116,764",Actual,"116,764",0,0,0,0,0,0,0,0,0,0,0,0,Actual,Actual,Actual,Actual,Actual,Actual,Actual,Actual,Actual,Actual,Actual,Actual,Actual,,,129,Estimated,Estimated,State,"Hard to quantify as local food banks and charities pick the meat up from our processors ",5,,8,10,4,6,9,,,Yes,,Yes,Constant demand for more protein across the State,10,8,10,6,7,,,65,136,Actual,Estimated,,,We do not list,17,No idea not trackec,0,0,N/A,Actual,Estimated,Actual,Actual,Actual,No paid staff,"388,878",Actual,"45,000","125,000",0,"50,000","170,000",0,Estimated,Estimated,,,Actual,,,Yes,Email rdlapointe@yahoo.com,Yes,,No,
2024-05-29 08:10:02,2024-05-29 09:16:15,IP Address,100,3972,True,2024-05-29 09:16:16,R_1hZ6JsX5i6cImby,email,EN,May,29,2024,Meat donation program? I don't think we have a specific name,,Utah,,,No,,Wild game meat donation program,,No,The Utah Division of Wildlife Resources has a list where individuals can sign up to receive donated meat. At times we will donate to food banks and ask NGO's to help pay for processing costs.,,,,,,,"I am unsure where to find this information. I am sure we have had a meat donation list for 30 plus years. Our donations come from illegal harvest or Division removal efforts. ",January,2023,December,2023,,743,Estimated,0,176,3,281,7,0,7,0,0,2,0,0,307,Actual,Estimated,Estimated,Estimated,Estimated,Actual,Estimated,Actual,Actual,Estimated,Actual,Actual,Estimated,"A lot of our animals are donated unprocessed and not weighed. My weight entries are the number of animals donated. The other is 293 fish including trout, salmon, bass, sunfish, and catfish. 14 birds including swan, geese, ducks, and pheasants. These numbers are probably close to accurate and do signify a minimum",50,150,Estimated,Estimated,State,This is a very difficult question to answer. At times individuals will be in the field when the meat is donated. Other times they meet at a regional office or other location. I wouldn't think we travel more than 150 miles to donate. Those answers are very much a guess.,,,1,7,1,4,2,,,No,We are the state agency.,No,We are set up pretty good to handle our needs as we have been doing for a long time.,,,,,,,,3,10,Estimated,Estimated,Many of the donated animals are not processed. If they are a lot of times the animal was seized by law enforcement. At times when we do division removals we will have meat processors help. We do donate these to food banks.,No,We do not list any on our website.,,,50,10,800,Actual,Estimated,Estimated,Estimated,Estimated,We do not have a dedicated person or persons. This is a very rough estimate as it can be part of a lot of different peoples job.,,Estimated,0,0,"25,000",0,"30,000",0,Actual,Actual,Estimated,Actual,Estimated,,,Yes,"Utah Division of Wildlife Resources
Chad Wilson 
801 391-1234",Yes,You can acknowledge the Utah Division of Wildlife Resources. Please do not list names of people or phone numbers,,"Generally our program is largely seized animals by law enforcement, road kill, and agency removal. This last year we had a large Division removal effort on elk, which inflated the elk donaion numbers. Generally we do not donate to that many food pantries or spend that much money on processing. Those costs are generally passed on to the person receiving the meat."
2024-05-29 10:02:58,2024-05-29 10:22:00,IP Address,100,1141,True,2024-05-29 10:22:02,R_5CJehImmIYJs5BF,email,EN,May,29,2024,Hunters Against Hunger,Missoula,MT,Missoula,59808,Yes,Montana Food Bank Network,"Wild game meat donation program,Food bank",,Yes,,"Montana Food Bank Network ",State,Yes,"MFBN pays all processors and facilitates processor recruitment. It then pairs processors with a local food pantry to distribute donations ",2013,11,,October,2023,March,2024,,28124,Actual,0,0,0,0,0,0,0,0,0,0,0,0,0,Actual,Actual,Actual,Actual,Actual,Actual,Actual,Actual,Actual,Actual,Actual,Actual,Actual,"We only do Elk, Deer, Moose, Bison, Antelope. We separate by county rather than species when measuring program ",60,300,Estimated,Estimated,State,,,,2,2,10,,4,,,Yes,"We do processing for City Deer Culls and Shoulder season/damage hunts ",Yes,"More processors to serve a greater amount of the state would be helpful ",5,,3,,10,,,31,45,Actual,Estimated,,Yes,,45,200,1,0,150,Actual,Estimated,Actual,Estimated,Actual,,"100,000",Actual,0,0,0,0,"100,000",0,,,,,,,,No,,No,,,
2024-05-29 11:06:38,2024-05-29 11:32:29,IP Address,100,1550,True,2024-05-29 11:32:30,R_1R823F0QZRmse4h,email,EN,May,29,2024,Hunters Helping the Hungry,Lincoln,NEBRASKA,United States,68504,No,,Wild game meat donation program,"Program is run by a person within the Game and Parks Commission ",Yes,,Nebraska Game and Parks Commission,State,Yes,"A person within the agency runs the program ",2011,12,,August,2023,January,2024,,10161,Actual,010161,0,0,0,0,0,0,0,0,0,0,0,0,Actual,Actual,Actual,Actual,Actual,Actual,Actual,Actual,Actual,Actual,Actual,Actual,Actual,,,,Estimated,Estimated,State,,1,1,6,3,9,1,1,,,No,,No,,,,,,,,,7,9,Actual,Actual,Varies year to year,Yes,,0,0,1,0,,Actual,Estimated,Actual,Estimated,Actual,"One person runs the program from an admin standpoint, the processors are then responsible for transporting meat to food banks on their own. ",,,0,0,0,0,0,0,,,,,,,"Program runs on only public donations that come in throughout the year, amount varies year to year",Yes,Jordyn at (402) 471-5430,Yes,,,
2024-05-28 13:46:20,2024-05-29 12:50:13,IP Address,100,83032,True,2024-05-29 12:50:14,R_5JQmLm3u0z4P43K,email,EN,May,29,2024,Farmers and /Hunters Feeding the Hungry Coshocton county.,Coshocton,OH,United States,43812,Yes,Farmers and hunters Feeding the hungry.,Wild game meat donation program,,Yes,,FHFH,National,Yes,,15  +,,,September,2011,May,2024,,,Actual,"200,000",0,0,0,0,0,0,0,0,0,0,0,"100,000",Estimated,Actual,Actual,Actual,Actual,Actual,Actual,Actual,Actual,Actual,Actual,Actual,Estimated,Estimate from 2011 to 2024,10,20,Estimated,Estimated,Multiple counties,,,,5,,,,,,,No,,Yes,,0,5,,,2,,,3,3,Actual,Actual,,Yes,,2,200,0,00,0,Actual,Estimated,Actual,Estimated,Actual,,10000,Estimated,8000,2000,0,0,0,0,Estimated,Estimated,,,,,,Yes,,Yes,,,
2024-05-29 13:25:30,2024-05-29 13:33:54,IP Address,100,503,True,2024-05-29 13:33:55,R_54AfDL12Eb3kLt3,email,EN,May,29,2024,"Farmers &  Hunters Feeding the Hungry, Southwest Michigan Chapter",Constantine,MI,United States,49042,No,,Wild game meat donation program,,Yes,,Farmers & Hunters Feeding the Hungry,National,No,,2014,10,,September,2014,May,2024,Our efforts are year around.,60,Estimated,060,0,0,0,0,0,0,0,0,0,0,0,0,Estimated,Actual,Actual,Actual,Actual,Actual,Actual,Actual,Actual,Actual,Actual,Actual,Actual,,15,29,Estimated,Estimated,Multiple counties,St. Joseph County and Cass County Michigan,8,,9,8,9,,,,,No,,No,,,,,,,,,1,2,Actual,Actual,,No,,3,30,0,0,0,Actual,Estimated,Actual,Estimated,Actual,30 hours average per year,2200,Estimated,0500,01700,0,0,0,0,Estimated,Estimated,,,,,,No,,No,,,
2024-05-31 22:46:28,2024-05-31 23:33:53,IP Address,100,2844,True,2024-05-31 23:33:54,R_5VxwH1VrVCGCMLx,email,EN,June,1,2024,CSEA Hunters Feeding the Hungry Deer Donation,Providence,RI,"USA ",02907,No,,"Wild game meat donation program,Sportsmen, hunting, or conservation organization","Hunters donate deer, duck, and/or geese to our agency and we give it to needy families.",No,,,,,,2016,8,,October,2023,March,2024,,Unsure of what this refers to,Estimated,7600,0,0,0,0,0,0,0,0,0,0,10,0,Estimated,Actual,Actual,Actual,Actual,Actual,Actual,Actual,Actual,Actual,Actual,Estimated,Actual,"We mostly had deer donated. I guess they would be called ""white tailed deer."" I kept track of them by how many whole deers were donated. I did not keep track of the pounds. We often received whole, gutted deer.",50,70,Estimated,Estimated,State,We had many deer donated from Block Island. Most of the clients receiving the deer live in and around Providence. The ferry is how the deer got into mainland RI. So the farthest that the deer traveled is approximately 70 miles.,,,3,,,7,4,,,Yes,Rhode Island's Department of Environmental Management referred hunters to our agency. Many of the hunters kept our office number and call us every year to take the donations.,Yes,"We always have clients who are low income and in need of donations. Deer meat is something that they enjoy eating and appreciate the donations. ",,9,7,5,,,"We cannot store any meat in our office building. We need to find families to take the deer within 1 to 2 hours after getting a call to pick up the deer. ",0,0,Actual,Actual,"We give donated deer directly to needy families. We do not ""process"" the meat.",,NA,0,0,15,5,37.5,Actual,Actual,Actual,Actual,Actual,We have full time staff that do other social services programs. There were only 4 staff members who are actively involved in the deer donation work.,0,Actual,0,0,0,0,0,0,Actual,Actual,Actual,Actual,Actual,,"There is no funding for this program. We pay for mileage for staff who pick up the deer, we pay for U-haul box truck to transport the deer out of an unrestricted funding pool that we can use. ",Yes,"Kannyka Pouk, 401-274-8811",Yes,,,
2024-05-23 09:44:49,2024-06-03 06:53:32,IP Address,100,940123,True,2024-06-03 06:53:33,R_71iifNrXvZXtsnf,email,EN,May,29,2024,Share the Harvest,Columbia,Missouri,United States,65202,Yes,MISSOURI DEPARTMENT OF CONSERVATION,"Sportsmen, hunting, or conservation organization","This program is administered by the Conservation Federation of Missouri and the Missouri Department of Conservation.. Statewide sponsors of the cost-reduction program include the Conservation Department, Conservation Federation of Missouri, Feeding Missouri, Shelter Insurance, Missouri Chapter National Wild Turkey Federation, Bass Pro Shops, and Gateway Area Chapter of Safari Club International.",No,,,,,,2011,13,,September,2023,January,2024,Some of these answers are to the best of our knowledge. To be honest the program is hard to track and the communication is not great.,Unsure,Estimated,0,0,0,0,0,0,0,0,0,0,0,0,0,Actual,Actual,Actual,Actual,Actual,Actual,Actual,Actual,Actual,Actual,Actual,Actual,Actual,The program in Missouri has been impossible to track from county to county or for an overall pounds. You could reach out to the Conservation federation to see if they have a number that hey could quote.    https://mdc.mo.gov/hunting-trapping/species/deer/share-harvest,,,Estimated,Estimated,Multiple counties,"The processed deer typically stays within the county that it was processed in and then distributed directly to one of our partner agencies. 
 https://mdc.mo.gov/hunting-trapping/species/deer/share-harvest",8,3,5,7,8,3,3,,,No,very little if any communication from the State agency,Yes,The feedback that we get from hunters is about the difficulty to locate participating State or USDA inspected processors. Some hunters say that they too have to pay for the processing despite the state also paying for the processing. lots of confusion it seems,8,5,5,5,8,,,,,Estimated,Estimated,Unknown,Yes,https://mdc.mo.gov/hunting-trapping/species/deer/share-harvest,,,,,,Estimated,Estimated,Estimated,Estimated,Estimated,N / A,,,0,0,0,0,0,0,,,,,,,All 6 Food Banks in the State of Missouri pitch in funds to help pay for the program.,Yes,Daryle Bascom -  573-447-6649,No,,N/A,We would love to grow the program and would love to have better reporting structure but have not been able to move the needle with the program administrators.
2024-06-03 15:00:34,2024-06-03 15:15:22,IP Address,100,888,True,2024-06-03 15:15:23,R_5TXcIA9dTJ5Hryx,email,EN,June,3,2024,Share the Harvest,JEFFERSON CITYJ,MO,United States,65101,Yes,Conservation Federation of Missouri,"Sportsmen, hunting, or conservation organization",,Yes,,Missouri Department of Conservation,State,No,,1992,32,"In 1992, hunters in Missouri began a program to share the deer they harvested with those less fortunate. From that beginning developed a statewide system run by the Conservation Department (MDC) and the Conservation Federation of Missouri called Share The Harvest, a program that provides an easy way for hunters to donate venison to Missourians in need of red meat.

Share The Harvest is a WIN WIN WIN program. Hunters win by doing their part to help people in need, cooperating processing plants win by getting positive feedback for their involvement and donations of locker space, and participating organizations win by having a ready-made service project for a good cause. Plus, the Department of Conservation has yet another tool to use in the management of Missouri’s valuable deer resource.",September,2023,February,2024,"This captures the annual deer season including the culling period which gets meat accepted into the program. ","247,575",Actual,"247,575",0,0,0,0,0,0,0,0,0,0,0,0,Actual,Actual,Actual,Actual,Actual,Actual,Actual,Actual,Actual,Actual,Actual,Actual,Actual,,30,125,Estimated,Estimated,Local,,,,1,9,8,4,5,,,Yes,Missouri Dept of Conservation,Yes,"We always have more deer than we have processors or money. Money runs out first. ",9,1,4,4,9,,,100,60,Actual,Estimated,,No,,10,100,.5,0,240,Estimated,Estimated,Estimated,Estimated,Estimated,,"500,000",Estimated,"5,000","10,000","360,000",0,"125,000",0,Estimated,Estimated,Estimated,,Estimated,,,Yes,,Yes,,,
2024-06-03 08:23:25,2024-06-03 18:41:10,IP Address,100,37065,True,2024-06-03 18:41:12,R_6DdcZXA7QbcAK0H,email,EN,June,3,2024,Help Meat the Need,Anchorage,alaska,usa,99501,Yes,Food Bank of Alaska,Food bank,,Yes,,Feeding America,National,No,,2009,15 + years,The program for Food Bank of Alaska has been in effect longer than I have been with Food Bank of Alaska.,July,2023,June,2024,I was not sure of just how to answer these questions. This more of an ongoing program.,40,Estimated,0,0,0,0,0,0,40,0,0,0,0,0,0,Actual,Actual,Actual,Actual,Actual,Actual,Estimated,Actual,Actual,Actual,Actual,Actual,Actual,,7,7,Estimated,Estimated,Local,,,,9,,,9,,,For Food Bank of Alaska. Our biggest challenge is transportation from Harvest to processor or Food Bank.,No,,Yes,We are always open to expanding the program.,,1,,9,,,,2 to 3 processors,less than 5,Estimated,Estimated,,No,We have been working on the premise of we are the coordinators for these donations.,0,,1-2,0,3 hours a month,Actual,Estimated,Estimated,Actual,Estimated,,,,0,0,0,0,0,0,,,,,,,"I am leaving this page blank as I am not involved in this process. ",Yes,,No,,,
2024-06-04 05:30:24,2024-06-04 13:16:56,IP Address,100,27992,True,2024-06-04 13:16:57,R_7Km9uFKWRgWGyQZ,email,EN,June,3,2024,Farmers and hunters feeding the hungry Greene county Indiana,"Bloomfield ",Indiana,USA,47424,No,,Wild game meat donation program,,Yes,,Farmers and hunters feeding the hungry,National,Yes,"Insurance, accounting, reporting, promotional support, grant writing and submittal",2006,17,"Approximate ",September,2023,January,2024,,33,Actual,2074,0,0,0,0,0,0,0,0,0,0,0,0,Actual,Actual,Actual,Actual,Actual,Actual,Actual,Actual,Actual,Actual,Actual,Actual,Actual,,15,20,Estimated,Estimated,County,,8,8,2,2,,,,,,No,,No,,,,,,,,,1,5,Actual,Actual,,Yes,,1,20,0,0,0,Actual,Estimated,Actual,Estimated,Actual,"National organization has paid staff, local is volunteer.",3020,Actual,0,0,0,3000,0,0,,,,Actual,,,,Yes,8126993444,No,,Hoosiers Feeding the hungry,
2024-06-05 08:05:30,2024-06-05 08:16:25,IP Address,100,654,True,2024-06-05 08:16:26,R_7D22ZC8aHkbLrHH,email,EN,June,5,2024,"Hunters helping the hungry new jersey ",1109 rt 31 Lebanon nj 08833,Nj,Usa,08833,No,,Wild game meat donation program,,No,,,,,,1999,25,,January,2023,December,2023,,"30,000 pounds",Actual,1000,0,0,0,0,0,0,0,0,0,0,0,0,Actual,Actual,Actual,Actual,Actual,Actual,Actual,Actual,Actual,Actual,Actual,Actual,Actual,,15 miles,30 miles,Estimated,Estimated,Multiple counties,,,1,5,6,10,1,1,,,Yes,Work together,Yes,Limited processing facility to expand,3,4,8,3,10,,,7,,Actual,Actual,7 butchers.  3 food banks,Yes,,9,300 hours,0,0,0,Actual,Estimated,Actual,Actual,Actual,,"$80,000",Estimated,"$50,0000",0,0,"$30,000",0,0,Estimated,,,,,,,Yes,"908 482 0435 ",Yes,,None,
2024-05-22 08:35:25,2024-05-22 08:42:53,IP Address,33,448,False,2024-06-05 08:42:56,R_1MYdIIZRQcRMwB2,email,EN,May,22,2024,"North Atlanta FHFH ","Milton ","GA ",United States,30004,Yes,FHFH,Wild game meat donation program,,No,,,,,,1/1/2012,10,,,,,,,,,,,,,,,,,,,,,,,,,,,,,,,,,,,,,,,,,,,,,,,,,,,,,,,,,,,,,,,,,,,,,,,,,,,,,,,,,,,,,,,,,,,,,,,,,,,,
2024-05-22 09:41:48,2024-05-22 09:42:18,IP Address,2,29,False,2024-06-05 09:42:20,R_1nK0BTQjPt4lznH,email,EN,,,,,,,,,,,,,,,,,,,,,,,,,,,,,,,,,,,,,,,,,,,,,,,,,,,,,,,,,,,,,,,,,,,,,,,,,,,,,,,,,,,,,,,,,,,,,,,,,,,,,,,,,,,,,,,,,,,,,,,,
2024-06-06 08:36:27,2024-06-06 09:08:41,IP Address,100,1934,True,2024-06-06 09:08:43,R_5D09LquKKxntL9r,email,EN,June,6,2024,Hunters for the Hungry,N/A,Texas,USA,N/A,Yes,Feeding Texas,Food bank,"Feeding Texas is the state association that represents the food banks across the state. Hunters for the Hungry is facilitated by us - but each food bank handles on-the-ground operations such as processor recruitment and venison donation pickup. At Feeding Texas we have our food banks sign MOU's, provide resources such as training and marketing materials, and process program reimbursements.",Yes,,Feeding Texas,State,Yes,"Described in previous comment - Feeding Texas facilitates reimbursements and provides MOU's and other resources and training to our individual Food Banks (20 food banks in Texas), who operate the program on the ground.",1997,26,"Program was originally started by Texas Association of Community Action Agencies (TACAA), and was transitioned to Feeding Texas in 2014",October,2023,March,2024,,59885,Actual,0,0,0,0,0,0,0,0,0,0,0,0,0,Actual,Actual,Actual,Actual,Actual,Actual,Actual,Actual,Actual,Actual,Actual,Actual,Actual,Our program only accepts deer but I do not have numbers for white tail vs mule.,,,Estimated,Estimated,State,"Of 20 Texas food banks, Hunters for the Hungry in operated by approximately 8-10.",1,2,7,1,8,1,1,1,,Yes,"We work in partnership with Texas Parks & Wildlife. The program is funded primarily through donations made during hunting license purchases. TPWD also helped us last year with marketing the program, particularly to managed land owners.",Yes,"In a large state like Texas there is definitely room to grow this program. Our primary barriers are processor/hunter recruitment, and also the capacity of the individual food banks operators. Usually operating Hunters for the Hungry is one part of their many job responsibilities, so finding time to focus on recruitment and program growth can be difficult.",2,6,1,,7,7,"Other - capacity of individual food bank operators to spend time on processor/hunter recruitment, as mentioned in previous comment",35,10,Estimated,Estimated,,Yes,,0,0,,,,Estimated,Estimated,Estimated,Estimated,Estimated,"Program is operated by full time employees at Food Banks across Texas. In most cases it is only one part of many job responsibilities, so the hours devoted to the program varies widely.",170000,Estimated,150000,10000,10000,0,0,0,Estimated,Estimated,Estimated,,,,Majority of funding comes from Hunting/Fishing license sales. We also have received donations from organizations such as Texas Safari Club and Cabela's.,Yes,"rsinicropi@feedingtexas.org, 281-961-2804",Yes,,,
2024-06-03 08:27:21,2024-06-06 13:38:49,IP Address,100,277887,True,2024-06-06 13:38:50,R_6LoCrwsA82RhECB,email,EN,June,6,2024,"Food from the Field ",Cheyenne,Wyoming,USA,82009,Yes,"Wyoming Hunger Initiative ",Wild game meat donation program,,No,,,,,,2020,4,,October,2023,May,2024,,17347.10,Actual,0,0,1168.4,15276.8,0,0,104.2,0,0,0,0,0,0,Actual,Actual,Actual,Actual,Actual,Actual,Actual,Actual,Actual,Actual,Actual,Actual,Actual,We did not differentiate between White Tail and Mule Deer populations- deer overall is 797.7 lbs,100,272,Estimated,Estimated,State,,,0,5,0,4,3,5,,,Yes,"Wyoming Department of Agriculture conducts the sanitary inspections necessary for participating processors;
Wyoming Game & Fish Department sends out the flyers to promote the program, assisted with our funding source, and provide in the field support to prepare donations for CWD testing.",Yes,"We are currently looking to find more processors who are geographically located to support all areas of the state. ",0,2,2,2,4,,,11,80,Actual,Estimated,,Yes,https://www.nohungerwyo.org/field,25,75,1,0,12,Estimated,Estimated,Actual,Actual,Estimated,,"60,000",Actual,58500,1500,0,0,0,0,Actual,Actual,,,,,,Yes,"trista.ostrom@wyo.gov
info@nohungerwyo.org ",Yes,,Montana Hunters Against Hunger,
2024-06-07 16:54:15,2024-06-07 17:24:12,IP Address,100,1797,True,2024-06-07 17:24:13,R_3LCmznT8XGUPNka,email,EN,June,7,2024,Venison Donation Coalition Inc.,Bath,NY,United States,14810,No,,"Wild game meat donation program,Sportsmen, hunting, or conservation organization,Food bank",,No,,,,,,1999,25,,July,2023,June,2024,,,Actual,8059,0,0,0,0,0,0,0,0,0,0,0,0,Actual,Actual,Actual,Actual,Actual,Actual,Actual,Actual,Actual,Actual,Actual,Actual,Actual,,10,30,Estimated,Estimated,Multiple counties,,,,,,,,,,No Challenges,No,,Yes,,4,0,0,0,0,,,25,13,Actual,Actual,,Yes,,8,80,0,1,1100,Actual,Estimated,Actual,Actual,Estimated,Board of Directors are the volunteers.,,,3335.00,"14,430.00",0,"10,129.00",5866.00,0,Actual,Actual,Actual,Actual,Actual,Actual,,Yes,Voicemail 607-664-2538 will return call.,Yes,,"Feeding New York State, Albany NY",
2024-06-10 07:54:26,2024-06-10 08:03:11,IP Address,100,524,True,2024-06-10 08:03:12,R_3D8ffRp2YL7qR9n,email,EN,May,1,2024,,"Spartanburg, SC 29316, USA",South Carolina,United States,29302,No,,Food bank,,No,we are the only wild game donation organization statewide,,,,,2004,20,,December,2004,,,,,Actual,"1,450,000",0,0,0,0,0,0,0,0,0,0,0,0,Actual,Actual,Actual,Actual,Actual,Actual,Actual,Actual,Actual,Actual,Actual,Actual,Actual,we only deal with whitetails,300,350,Estimated,Estimated,State,,,,4,10,7,4,7,,,No,no support from our DNR,Yes,working on funding,10,,,,5,,,30,130,Actual,Actual,,Yes,,40,"5,100",0,0,0,Actual,Estimated,Actual,Estimated,Actual,,,,0,0,0,0,0,0,,,,,,,,Yes,484 542 9158,Yes,,,
2024-06-10 14:33:00,2024-06-10 14:57:13,IP Address,100,1452,True,2024-06-10 14:57:14,R_7hltwg6iwfa6Oct,email,EN,June,10,2024,Arkansas Hunters Feeding the Hungry,,Arkansas,,,No,,Wild game meat donation program,,No,We are a stand alone 501(c)(3),,,,,2000,24,,October,2000,,,We have an ongoing operation. We don't have an open and end date.,"71,200",Actual,"71,200",0,0,0,0,0,0,0,0,0,0,0,0,Actual,Actual,Actual,Actual,Actual,Actual,Actual,Actual,Actual,Actual,Actual,Actual,Actual,,10,30,Estimated,Estimated,State,,5,,6,5,3,2,2,,Although we had a record year we still face challenges of hunters taking that extra deer and donating.,Yes,Yes we work very closely with the Arkansas Game and Fish and the Arkansas Bowhunters Association.,Yes,We are starting to get more interest in larger Deer management assistant programs across the state. We possibly will have a need to collect and transport more deer with some of the larger clubs that have extra doe tags that need to be harvested. In the past we have not been able to capture that potential market.,7,6,3,7,7,,,70,150,Estimated,Estimated,Every year we add some processors and some go out of business but approximately 70 ish currently. Food banks and relief organizations are not an issue. We have organizations asking all the time to help. Protein/protein/protein are their ask. We assign at least one food pantry per processor and depending on the volume the processor produce we add more.,No,,10,1000,1,1,,Estimated,Estimated,Actual,Actual,Actual,We have only one full time paid employee and one part time accountant.,"258,000",Estimated,"125,000",0,"50,000","53,000","25,000","5,000",Estimated,,Estimated,Estimated,Estimated,Estimated,We are currently working on corporate sponsors for the upcoming year. The public donations are from the license sales checkoff option. We get a lot of grants for our backpack wild game snack stick program.,Yes,,Yes,,None I'm aware of.,
2024-05-28 10:03:57,2024-05-28 10:38:24,IP Address,18,2067,False,2024-06-11 10:38:25,R_5tyGjd6f0JKJa8h,email,EN,May,28,2024,HUSH,,Iowa,,,No,,Other,,,,,,,,,,,,,,,,,,,,,,,,,,,,,,,,,,,,,,,,,,,,,,,,,,,,,,,,,,,,,,,,,,,,,,,,,,,,,,,,,,,,,,,,,,,,,,,,,,,,,,,,,,,,,
2024-05-29 12:35:01,2024-05-29 12:50:45,IP Address,2,943,False,2024-06-12 12:50:50,R_52Pd8kuG1IxDDOF,email,EN,,,,,,,,,,,,,,,,,,,,,,,,,,,,,,,,,,,,,,,,,,,,,,,,,,,,,,,,,,,,,,,,,,,,,,,,,,,,,,,,,,,,,,,,,,,,,,,,,,,,,,,,,,,,,,,,,,,,,,,,
2024-06-19 10:29:04,2024-06-19 11:06:15,IP Address,100,2231,True,2024-06-19 11:06:16,R_7LzIOcHna5wUKOP,email,EN,June,19,2024,Hunter's Against Hunger,"Oklahoma City ","OK ","USA ",73105,No,,Wild game meat donation program,,No,,,,,,2001,23,,October,2023,January,2024,Archery Season is open from October - January,"38,232.75",Estimated,"38,232.75",0,0,0,0,0,0,0,0,0,0,0,0,Estimated,Actual,Actual,Actual,Actual,Actual,Actual,Actual,Actual,Actual,Actual,Actual,Actual,,,,Estimated,Estimated,State,,,,,,,,,,,No,,No,,,,,,,,,26,?,Actual,Actual,,No,,,,1,1,40/week,Estimated,Estimated,Actual,Actual,Actual,"One employee oversees and coordinates the entire program. ",100k,Actual,0,0,0,0,100k,0,,,,,Estimated,,,No,,No,,N/A,
2024-06-19 10:30:58,2024-06-19 12:25:00,IP Address,100,6842,True,2024-06-19 12:25:01,R_7CsjYyi3bbDYiiU,email,EN,June,19,2024,"Virginia Hunters Who Care, Inc.",Big Island,Virginia,United States,24526,No,,Wild game meat donation program,"Accept donated deer and have them processed, the meat is then distributed to feeding programs, foodbanks etc. at no cost to them.",No,We are an independent program Our 501 C3 IRS determination number is 54-1650687,,,,,1991,33 years,,February,2023,January,2024,"Our period runs to incorporate the state's majority of various hunting seasons provided the most donations and impact. ","185,685 ",Actual,"184,775",0,0,0,0,910,0,0,0,0,0,0,0,Actual,Actual,Actual,Actual,Actual,Actual,Actual,Actual,Actual,Actual,Actual,Actual,Actual,,"40 ",60,Estimated,Estimated,State,,0,0,6,8,10,2,4,,"Lower hunter numbers, and dropping processor numbers are having a large affect on deer donations",Yes,"We work closely with our Department of Wildlife Resources regarding hunting seasons, deer collection, and especially in the collection and testing of deer donated to HFTH in all Disease Management Areas affected by Chronic Wasting Disease. ",Yes,"We have experienced a huge increase in the number of feeding and distribution programs requesting assistance from our program. Based upon the requests and current distribution figures our program, if we could acquire the deer and financial donations in any year we could process and distribute an estimated 1 million pounds of venison. Our desire and current efforts are to find additional processors and in some cases assist them with some cooler and freezer for storage. More processors and / or refrigerated coolers will allow for collection of additional deer donated from hunters, farmers, and through herd management efforts.",8,8,8,1,10,,,55,184,Actual,Actual,,Yes,We keep processor listings up to date but do not list feeding programs.,100,100,2,2,100,Estimated,Estimated,Actual,Estimated,Estimated,," 620,000",Estimated,232000,10000,140000,198000,"12,000",28000,Estimated,Estimated,Estimated,Estimated,Estimated,Estimated,,Yes,"Office 1-800-352-4868
Cell (434) 942 - 9827",Yes,,NO,
2024-06-20 05:51:20,2024-06-20 06:01:24,IP Address,100,603,True,2024-06-20 06:01:25,R_50jYQR7AHo1gzjN,email,EN,June,19,2024,farmers and hunters feeding the hungry,Fort Recovery,OH,United States,45846,No,,Wild game meat donation program,,Yes,,farmers and hunters feeding the hungry,National,Yes,They provide some funding/match.  We do the coordination of donation/delivery advertising,,,"I dont recall...10 years in our county
",,,,,I have not done any fund raising or donations for a few years,"1,000",Actual,20x50.....1000,0,0,0,0,0,0,0,0,0,0,0,0,Actual,Actual,Actual,Actual,Actual,Actual,Actual,Actual,Actual,Actual,Actual,Actual,Actual,,15,50,Estimated,Estimated,Multiple counties,,,,,,,,,,"THe problem really has become that the meat processors only want to take deboned deer meat and do the grinding or make sausage etc.  They do not want whole deer.  ",Yes,Ohio DNR helped by matching donated funds,Yes,plenty of need and people would come from further off to donate their deer.  But the meat processor couldn't handle so many deer coming in all at once and still do their beef and pork,0,,,,0,,,1,1,Actual,Actual,,No,,1,20,,,,Actual,Estimated,Actual,Estimated,Actual,,"2,000",,100%,0,0,0,0,0,,,,,,,,Yes,4198528506,No,,,
2024-06-06 14:51:41,2024-06-06 14:51:50,IP Address,2,9,False,2024-06-20 14:51:56,R_6V8hYF3DfbpFzhQ,email,EN,,,,,,,,,,,,,,,,,,,,,,,,,,,,,,,,,,,,,,,,,,,,,,,,,,,,,,,,,,,,,,,,,,,,,,,,,,,,,,,,,,,,,,,,,,,,,,,,,,,,,,,,,,,,,,,,,,,,,,,,
2024-06-20 13:00:39,2024-06-21 03:43:17,IP Address,100,52957,True,2024-06-21 03:43:18,R_3PcClO2icsNVgAN,email,EN,June,20,2024,Soul Hunter Sportsman Ministry Hunters for the Hungry,Elizabeth City,NC,United States,27909,Yes,Nc hunters for hungry,Other,"Soul Hunters Sportsman Ministry ",No,,,,,,09/01/2012,12,,September,2023,April,2024,,300 lbs,Actual,0,0,0,0,0,0,0,0,0,0,0,0,0,Actual,Actual,Actual,Actual,Actual,Actual,Actual,Actual,Actual,Actual,Actual,Actual,Actual,,35 miles,70 miles,Actual,Estimated,Multiple counties,,9,,5,,7,6,0,,,Yes,Nc biologists came and aged the deer,Yes,Some surrounding counties need cooler collecting stations,10,5,10,10,2,2,,1,1,Actual,Actual,,No,,5,20,0,Q,Q,Actual,Actual,Actual,Actual,Actual,,$2000,Actual,$1000,$2000,0,0,0,0,Estimated,Actual,Actual,Actual,Actual,Actual,,No,,No,,,
2024-06-11 09:29:46,2024-06-11 09:32:17,IP Address,29,151,False,2024-06-25 09:32:20,R_6ue2kLnIh0ZprVf,email,EN,June,11,2024,Hunters for the Hungry,San Antonio,Texas,United States,78227,Yes,Feeding Texas,"Wild game meat donation program,Food bank",,No,,,,,,,,,,,,,,,,,,,,,,,,,,,,,,,,,,,,,,,,,,,,,,,,,,,,,,,,,,,,,,,,,,,,,,,,,,,,,,,,,,,,,,,,,,,,,,,,,,,,,,,,,,,
2024-06-04 15:23:22,2024-06-14 10:40:26,IP Address,82,847024,False,2024-06-28 10:40:28,R_5uyEVen0jq42YN3,email,EN,,,,,,,,,,,,,,,,,,,,,,,,,,,,Actual,0,0,0,0,0,0,0,0,0,0,0,0,0,Actual,Actual,Actual,Actual,Actual,Actual,Actual,Actual,Actual,Actual,Actual,Actual,Actual,,,,Estimated,Estimated,,,,,,,,,,,,,,,,,,,,,,,,,Actual,Actual,,,,,,,,,Actual,Estimated,Actual,Estimated,Actual,,,,,,,,,,,,,,,,,,,,,,
2024-06-21 15:35:50,2024-06-21 15:47:01,IP Address,33,670,False,2024-07-05 15:47:03,R_7Le91DZkcpxZDjm,email,EN,June,21,1991,Deer Exchange,Lincoln,NE,USA,68506,No,,Natural resource state agency,,No,,,,,,,,,,,,,,,,,,,,,,,,,,,,,,,,,,,,,,,,,,,,,,,,,,,,,,,,,,,,,,,,,,,,,,,,,,,,,,,,,,,,,,,,,,,,,,,,,,,,,,,,,,,
2024-07-08 06:47:03,2024-07-08 07:07:25,IP Address,100,1221,True,2024-07-08 07:07:25,R_3GHpHPu7T9vFwV5,email,EN,July,8,2024,God's Helping Hands,Hemlock,Michigan,United States,48626,No,,Other,A church that helps locals with food and clothing.,No,,,,,,2022,2,,October,2023,December,2023,,675,Estimated,15,0,0,0,0,0,0,0,0,0,0,0,0,Actual,Actual,Actual,Actual,Actual,Actual,Actual,Actual,Actual,Actual,Actual,Actual,Actual,,10,40,Estimated,Estimated,Multiple counties,This is a local program that services about 3 counties.,,,8,8,7,7,5,,,Yes,The State of Michigan DNR gave me some permits to shoot antlerless deer.,Yes,,8,7,7,7,8,,,3,2,Actual,Actual,,No,We do not list meat processors on our web site.,30,1000,0,0,0,Actual,Estimated,Actual,Actual,Actual,,2000,Actual,0,,0,1,0,0,,,,Actual,,,"We received one grant. ",Yes,989-444-8382,No,,,
